{"cameraMode":{"drawMode":0,"name":"Shaded","section":"Shading Mode"},"sceneLighting":false,"audioPlay":false,"sceneViewState":{"m_AlwaysRefresh":false,"showFog":true,"showSkybox":false,"showFlares":true,"showImageEffects":true,"showParticleSystems":true,"showVisualEffectGraphs":true,"m_FxEnabled":true},"in2DMode":false,"pivot":{"x":1.6554038524627686,"y":-0.37929749488830569,"z":5.79488468170166},"rotation":{"x":-0.13470515608787538,"y":-0.052889805287122729,"z":0.007200396154075861,"w":-0.9894487857818604},"size":4.706974983215332,"orthographic":false}