{"cameraMode":{"drawMode":0,"name":"Shaded","section":"Shading Mode"},"sceneLighting":true,"audioPlay":false,"sceneViewState":{"m_AlwaysRefresh":false,"showFog":true,"showSkybox":true,"showFlares":true,"showImageEffects":true,"showParticleSystems":true,"showVisualEffectGraphs":true,"m_FxEnabled":true},"in2DMode":false,"pivot":{"x":463.3812561035156,"y":881.1259765625,"z":8.747380256652832},"rotation":{"x":0.040470950305461887,"y":0.030266469344496728,"z":0.0012250036234036089,"w":-0.9987260699272156},"size":171.99559020996095,"orthographic":false}