{"cameraMode":{"drawMode":0,"name":"Shaded","section":"Shading Mode"},"sceneLighting":true,"audioPlay":false,"sceneViewState":{"m_AlwaysRefresh":false,"showFog":true,"showSkybox":true,"showFlares":true,"showImageEffects":true,"showParticleSystems":true,"showVisualEffectGraphs":true,"m_FxEnabled":true},"in2DMode":false,"pivot":{"x":417.5492248535156,"y":521.9031982421875,"z":-73.08082580566406},"rotation":{"x":0.22015951573848725,"y":0.015225771814584732,"z":-0.0034488521050661804,"w":0.9753637909889221},"size":208.47097778320313,"orthographic":false}