{"cameraMode":{"drawMode":0,"name":"Shaded","section":"Shading Mode"},"sceneLighting":true,"audioPlay":false,"sceneViewState":{"m_AlwaysRefresh":false,"showFog":true,"showSkybox":true,"showFlares":true,"showImageEffects":true,"showParticleSystems":true,"showVisualEffectGraphs":true,"m_FxEnabled":true},"in2DMode":false,"pivot":{"x":0.08587618172168732,"y":0.5715766549110413,"z":-9.138151168823243},"rotation":{"x":0.24019965529441834,"y":0.057343073189258578,"z":-0.014212492853403092,"w":0.9689434170722961},"size":0.41991984844207766,"orthographic":false}